{"Version":9,"Id":"Security Principles","MissionName":"Social Engineering","ObjectiveText":"Learn about Social Engineering Techniques","HomeSystem":"","ConnectToRootDevice":true,"FilesToRestore":[],"FilesToRemove":[],"CustomNetworkName":"425","NextResourcesMissionIndex":-1,"StatisticsTimerEasy":0,"StatisticsTimerMedium":0,"StatisticsTimerHard":0,"SpecialAvatarIndex":-1,"NotesCharacter":0,"MapColor":{"_colorLightSingle":{"r":0.8117647171020508,"g":0.41568630933761599,"b":1.0,"a":1.0},"_colorLightSecondary":{"r":0.4000000059604645,"g":0.8666666746139526,"b":0.9843137264251709,"a":1.0},"_colorGround":{"r":0.1607843041419983,"g":0.1607843041419983,"b":0.1607843041419983,"a":1.0}},"MusicSnapshotIndex":0,"ToolbarAppsStates":[{"Application":0,"Locked":false,"IsEnabled":true},{"Application":1,"Locked":false,"IsEnabled":true},{"Application":2,"Locked":false,"IsEnabled":true},{"Application":3,"Locked":false,"IsEnabled":true},{"Application":5,"Locked":false,"IsEnabled":true}],"ForgeSyncData":{"creatorId":"","missionGUID":"","lastUpdateUNIXTimeStamp":0,"missionForgeApiId":0},"StorySteps":[{"Id":"Step_0","GoalName":"","OrderProcessingType":1,"CommandsWhenStart":[],"AfterGoalsSteps":[],"CommandsWaitingFor":[],"BlockOfGoalsStepsIds":[],"BlockOfGoalsNextStepId":"","BlockOfGoalsOptionalGoal":false,"BlockOfGoalsHiddenGoal":false}],"Cutscenes":{"hasStartCutscene":true,"startCutscene":{"name":"Social+Engineering_start","ImageType":7,"textList":[{"Text":"Hello+%7bPlayerName%7d%2c+welcome+to+my+module+discussion+Social+Engineering+Attacks.","NPC":0,"Emotion":0},{"Text":"This+will+not+be+an+in-depth+how-to+session%2c+but+rather%2c+we+will+be+taking+an+overview+of+some+of+the+most+commonly+seen+attacks.","NPC":0,"Emotion":1},{"Text":"And+never+fear%2c+I%e2%80%99ve+brought+in+Mina%2c+our+Social+Engineering+expert%2c+to+lead+the+discussion.","NPC":0,"Emotion":2}]},"hasEndCutscene":true,"endCutscene":{"name":"Social+Engineering_end","ImageType":7,"textList":[{"Text":"We+discussed+five+different+types+of+Social+Engineering+attacks.","NPC":0,"Emotion":0},{"Text":"Phishing%2c+Vishing%2c+Watering+Hole%2c+Factually+Incorrect+Information+and+Brand+Impersonation.","NPC":0,"Emotion":1},{"Text":"With+this+knowledge+in+hand%2c+we+can+now+stay+vigilant+for+these+attacks.","NPC":0,"Emotion":3}]},"hasFailCutscene":false,"failCutscene":{"name":"","ImageType":0,"textList":[]}},"IsMiniscriptDriven":true,"Miniscript":"setTerminalSize(2)%0d%0a%0d%0anitroApp(%22BusinessDekkar%22%2c+%22Thanks+Rascal%2c+I%e2%80%99m+glad+to+be+here.%22%2c+%22_%22%2c+1)%0d%0await(1.2)%0d%0anitroCaption(1)%0d%0a%0d%0adialogue+%3d+new+Sequence%0d%0adialogue.steps+%3d+%5b%5d%0d%0a%0d%0asetupSequence+%3d+new+SequenceStep%0d%0asetupSequence.commandWaiting+%3d+getCommandWaiting(%22nitrocaption%22%2c+%22%22%2c+%5b+%221%22+%5d)%0d%0asetupSequence.action+%3d+function()%0d%0a++++nitroApp(%22BusinessDekkar%22%2c+%22And+%7bPlayerName%7d%2c+good+to+see+you.%22%2c+%22_%22%2c+1)%0d%0a++++wait(0.7)%0d%0a++++nitroCaption(1)%0d%0aend+function%0d%0adialogue.steps.push(setupSequence)%0d%0a%0d%0asetupSequence+%3d+new+SequenceStep%0d%0asetupSequence.commandWaiting+%3d+getCommandWaiting(%22nitrocaption%22%2c+%22%22%2c+%5b+%221%22+%5d)%0d%0asetupSequence.action+%3d+function()%0d%0a++++nitroApp(%22BusinessDekkar%22%2c+%22As+RASCAL+said%2c+this+will+be+a+general+discussion+about+the+types+of+common+Social+Engineering+attacks.%22%2c+%22_%22%2c+1)%0d%0a++++wait(0.7)%0d%0a++++nitroCaption(1)%0d%0aend+function%0d%0adialogue.steps.push(setupSequence)%0d%0a%0d%0asetupSequence+%3d+new+SequenceStep%0d%0asetupSequence.commandWaiting+%3d+getCommandWaiting(%22nitrocaption%22%2c+%22%22%2c+%5b+%221%22+%5d)%0d%0asetupSequence.action+%3d+function()%0d%0a++++nitroApp(%22BusinessRascal%22%2c+%22%3ccolor%3d%2300B7AC%3eSocial+Engineering%3c%2fcolor%3e+is+a+manipulation+technique+using+psychological+tactics+rather+than+technical+exploits+to+deceive+individuals+into+revealing+confidential+information+or+performing+actions+that+compromise+security.%22%2c+%22_%22%2c+1)%0d%0a++++wait(0.7)%0d%0a++++nitroCaption(1)%0d%0aend+function%0d%0adialogue.steps.push(setupSequence)%0d%0a%0d%0asetupSequence+%3d+new+SequenceStep%0d%0asetupSequence.commandWaiting+%3d+getCommandWaiting(%22nitrocaption%22%2c+%22%22%2c+%5b+%221%22+%5d)%0d%0asetupSequence.action+%3d+function()%0d%0a++++nitroApp(%22BusinessDekkar%22%2c+%22You+are+probably+familiar+with+these+attacks%2c+but+it%e2%80%99s+good+to+have+a+discussion+to+keep+them+top+on+mind+with+an+eye+towards+protecting+your+organization%e2%80%99s+users.%22%2c+%22_%22%2c+1)%0d%0a++++wait(0.7)%0d%0a++++nitroCaption(1)%0d%0aend+function%0d%0adialogue.steps.push(setupSequence)%0d%0a%0d%0asetupSequence+%3d+new+SequenceStep%0d%0asetupSequence.commandWaiting+%3d+getCommandWaiting(%22nitrocaption%22%2c+%22%22%2c+%5b+%221%22+%5d)%0d%0asetupSequence.action+%3d+function()%0d%0a++++nitroApp(%22BusinessDekkar%22%2c+%22First+up+let%e2%80%99s+get+the+big+fish+out+of+the+way+and+discuss+Phishing.%22%2c+%22_%22%2c+1)%0d%0a++++wait(0.7)%0d%0a++++nitroCaption(1)%0d%0a++++wait(1)%0d%0a++++browser(%22https%3a%2f%2fsocial%2fPhishing-FourKP%22)%0d%0aend+function%0d%0adialogue.steps.push(setupSequence)%0d%0a%0d%0asetupSequence+%3d+new+SequenceStep%0d%0asetupSequence.commandWaiting+%3d+getCommandWaiting(%22nitrocaption%22%2c+%22%22%2c+%5b+%221%22+%5d)%0d%0asetupSequence.action+%3d+function()%0d%0a++++nitroApp(%22BusinessRascal%22%2c+%22Four+key+purposes+of+a+phishing+email+include%3a%22%2c+%22_%22%2c+1)%0d%0a++++wait(0.7)%0d%0a++++nitroCaption(1)%0d%0aend+function%0d%0adialogue.steps.push(setupSequence)%0d%0a%0d%0asetupSequence+%3d+new+SequenceStep%0d%0asetupSequence.commandWaiting+%3d+getCommandWaiting(%22nitrocaption%22%2c+%22%22%2c+%5b+%221%22+%5d)%0d%0asetupSequence.action+%3d+function()%0d%0a++++nitroApp(%22BusinessRascal%22%2c+%221.+Steal+Sensitive+Information%22%2c+%22_%22%2c+1)%0d%0a++++wait(0.7)%0d%0a++++nitroCaption(1)%0d%0aend+function%0d%0adialogue.steps.push(setupSequence)%0d%0a%0d%0asetupSequence+%3d+new+SequenceStep%0d%0asetupSequence.commandWaiting+%3d+getCommandWaiting(%22nitrocaption%22%2c+%22%22%2c+%5b+%221%22+%5d)%0d%0asetupSequence.action+%3d+function()%0d%0a++++nitroApp(%22BusinessRascal%22%2c+%222.+Install+Malware%22%2c+%22_%22%2c+1)%0d%0a++++wait(0.7)%0d%0a++++nitroCaption(1)%0d%0aend+function%0d%0adialogue.steps.push(setupSequence)%0d%0a%0d%0asetupSequence+%3d+new+SequenceStep%0d%0asetupSequence.commandWaiting+%3d+getCommandWaiting(%22nitrocaption%22%2c+%22%22%2c+%5b+%221%22+%5d)%0d%0asetupSequence.action+%3d+function()%0d%0a++++nitroApp(%22BusinessRascal%22%2c+%223.+Financial+Fraud%22%2c+%22_%22%2c+1)%0d%0a++++wait(0.7)%0d%0a++++nitroCaption(1)%0d%0aend+function%0d%0adialogue.steps.push(setupSequence)%0d%0a%0d%0asetupSequence+%3d+new+SequenceStep%0d%0asetupSequence.commandWaiting+%3d+getCommandWaiting(%22nitrocaption%22%2c+%22%22%2c+%5b+%221%22+%5d)%0d%0asetupSequence.action+%3d+function()%0d%0a++++nitroApp(%22BusinessRascal%22%2c+%224.+Gain+Unauthorized+Access%22%2c+%22_%22%2c+1)%0d%0a++++wait(0.7)%0d%0a++++nitroCaption(1)%0d%0aend+function%0d%0adialogue.steps.push(setupSequence)%0d%0a%0d%0asetupSequence+%3d+new+SequenceStep%0d%0asetupSequence.commandWaiting+%3d+getCommandWaiting(%22nitrocaption%22%2c+%22%22%2c+%5b+%221%22+%5d)%0d%0asetupSequence.action+%3d+function()%0d%0a++++nitroApp(%22BusinessDekkar%22%2c+%22With+Phishing+attacks%2c+threat+actors+want+to+make+victims+think+something+is+real+when+it%e2%80%99s+not.%22%2c+%22_%22%2c+1)%0d%0a++++wait(0.7)%0d%0a++++nitroCaption(1)%0d%0aend+function%0d%0adialogue.steps.push(setupSequence)%0d%0a%0d%0asetupSequence+%3d+new+SequenceStep%0d%0asetupSequence.commandWaiting+%3d+getCommandWaiting(%22nitrocaption%22%2c+%22%22%2c+%5b+%221%22+%5d)%0d%0asetupSequence.action+%3d+function()%0d%0a++++nitroApp(%22BusinessRascal%22%2c+%22Like+a+fake+login+page%3f%22%2c+%22_%22%2c+1)%0d%0a++++wait(0.7)%0d%0a++++nitroCaption(1)%0d%0aend+function%0d%0adialogue.steps.push(setupSequence)%0d%0a%0d%0asetupSequence+%3d+new+SequenceStep%0d%0asetupSequence.commandWaiting+%3d+getCommandWaiting(%22nitrocaption%22%2c+%22%22%2c+%5b+%221%22+%5d)%0d%0asetupSequence.action+%3d+function()%0d%0a++++nitroApp(%22BusinessDekkar%22%2c+%22Exactly+RASCAL.+%7bPlayerName%7d%2c+look+at+this+fake+email.%22%2c+%22_%22%2c+1)%0d%0a++++wait(0.7)%0d%0a++++nitroCaption(1)%0d%0a++++wait(1)%0d%0a++++browser(%22https%3a%2f%2fsocial%2fFakeEmail%22)%0d%0aend+function%0d%0adialogue.steps.push(setupSequence)%0d%0a%0d%0asetupSequence+%3d+new+SequenceStep%0d%0asetupSequence.commandWaiting+%3d+getCommandWaiting(%22nitrocaption%22%2c+%22%22%2c+%5b+%221%22+%5d)%0d%0asetupSequence.action+%3d+function()%0d%0a++++nitroApp(%22BusinessDekkar%22%2c+%22This+is+an+example+of+a+Phishing+email.%22%2c+%22_%22%2c+1)%0d%0a++++wait(0.7)%0d%0a++++nitroCaption(1)%0d%0aend+function%0d%0adialogue.steps.push(setupSequence)%0d%0a%0d%0asetupSequence+%3d+new+SequenceStep%0d%0asetupSequence.commandWaiting+%3d+getCommandWaiting(%22nitrocaption%22%2c+%22%22%2c+%5b+%221%22+%5d)%0d%0asetupSequence.action+%3d+function()%0d%0a++++nitroApp(%22BusinessDekkar%22%2c+%22Notice+the+sense+of+urgency+concerning+the+victim%e2%80%99s+account%3f%22%2c+%22_%22%2c+1)%0d%0a++++wait(0.7)%0d%0a++++nitroCaption(1)%0d%0aend+function%0d%0adialogue.steps.push(setupSequence)%0d%0a%0d%0asetupSequence+%3d+new+SequenceStep%0d%0asetupSequence.commandWaiting+%3d+getCommandWaiting(%22nitrocaption%22%2c+%22%22%2c+%5b+%221%22+%5d)%0d%0asetupSequence.action+%3d+function()%0d%0a++++nitroApp(%22BusinessRascal%22%2c+%22Oh%2c+I+know%2c+if+the+user+clicks+%e2%80%98Click+Here%e2%80%99+they+get+taken+to+a+fake+login+page.%22%2c+%22_%22%2c+1)%0d%0a++++wait(0.7)%0d%0a++++nitroCaption(1)%0d%0aend+function%0d%0adialogue.steps.push(setupSequence)%0d%0a%0d%0asetupSequence+%3d+new+SequenceStep%0d%0asetupSequence.commandWaiting+%3d+getCommandWaiting(%22nitrocaption%22%2c+%22%22%2c+%5b+%221%22+%5d)%0d%0asetupSequence.action+%3d+function()%0d%0a++++nitroApp(%22BusinessDekkar%22%2c+%22Right+again+RASCAL.+%7bPlayerName%7d%2c+allow+me+to+pull+up+a+side+by+side+comparison+of+an+example+login+page.%22%2c+%22_%22%2c+1)%0d%0a++++wait(0.7)%0d%0a++++nitroCaption(1)%0d%0a++++wait(1)%0d%0a++++browser(%22https%3a%2f%2fsocial%2flogin%22)%0d%0aend+function%0d%0adialogue.steps.push(setupSequence)%0d%0a%0d%0asetupSequence+%3d+new+SequenceStep%0d%0asetupSequence.commandWaiting+%3d+getCommandWaiting(%22nitrocaption%22%2c+%22%22%2c+%5b+%221%22+%5d)%0d%0asetupSequence.action+%3d+function()%0d%0a++++nitroApp(%22BusinessDekkar%22%2c+%22The+one+on+the+right+is+the+real+page%2c+while+the+left+one+is+a+slightly+off+copy.%22%2c+%22_%22%2c+1)%0d%0a++++wait(0.7)%0d%0a++++nitroCaption(1)%0d%0aend+function%0d%0adialogue.steps.push(setupSequence)%0d%0a%0d%0asetupSequence+%3d+new+SequenceStep%0d%0asetupSequence.commandWaiting+%3d+getCommandWaiting(%22nitrocaption%22%2c+%22%22%2c+%5b+%221%22+%5d)%0d%0asetupSequence.action+%3d+function()%0d%0a++++nitroApp(%22BusinessDekkar%22%2c+%22Always%2c+look+for+spelling+and%2for+grammar+mistakes.+Fonts+or+graphics+that+are+slightly+off.%22%2c+%22_%22%2c+1)%0d%0a++++wait(0.7)%0d%0a++++nitroCaption(1)%0d%0aend+function%0d%0adialogue.steps.push(setupSequence)%0d%0a%0d%0asetupSequence+%3d+new+SequenceStep%0d%0asetupSequence.commandWaiting+%3d+getCommandWaiting(%22nitrocaption%22%2c+%22%22%2c+%5b+%221%22+%5d)%0d%0asetupSequence.action+%3d+function()%0d%0a++++nitroApp(%22BusinessDekkar%22%2c+%22There+are+four+differences+between+the+two+login+pages%2c+take+a+moment+to+see+if+you+can+spot+them.%22%2c+%22_%22%2c+1)%0d%0a++++wait(0.7)%0d%0a++++nitroCaption(1)%0d%0aend+function%0d%0adialogue.steps.push(setupSequence)%0d%0a%0d%0asetupSequence+%3d+new+SequenceStep%0d%0asetupSequence.commandWaiting+%3d+getCommandWaiting(%22nitrocaption%22%2c+%22%22%2c+%5b+%221%22+%5d)%0d%0asetupSequence.action+%3d+function()%0d%0a++++nitroApp(%22BusinessRascal%22%2c+%22Did+you+find+all+four%3f%22%2c+%22_%22%2c+1)%0d%0a++++wait(0.7)%0d%0a++++nitroCaption(1)%0d%0aend+function%0d%0adialogue.steps.push(setupSequence)%0d%0a%0d%0asetupSequence+%3d+new+SequenceStep%0d%0asetupSequence.commandWaiting+%3d+getCommandWaiting(%22nitrocaption%22%2c+%22%22%2c+%5b+%221%22+%5d)%0d%0asetupSequence.action+%3d+function()%0d%0a++++nitroApp(%22BusinessDekkar%22%2c+%22First%2c+not+only+is+%e2%80%98Welcome%e2%80%99+misspelled+on+the+left%2c+it+has+a+different+font+and+message.%22%2c+%22_%22%2c+1)%0d%0a++++wait(0.7)%0d%0a++++nitroCaption(1)%0d%0aend+function%0d%0adialogue.steps.push(setupSequence)%0d%0a%0d%0asetupSequence+%3d+new+SequenceStep%0d%0asetupSequence.commandWaiting+%3d+getCommandWaiting(%22nitrocaption%22%2c+%22%22%2c+%5b+%221%22+%5d)%0d%0asetupSequence.action+%3d+function()%0d%0a++++nitroApp(%22BusinessDekkar%22%2c+%22Second%2c+the+input+boxes+for+email+and+password+are+different+in+text+and+color.%22%2c+%22_%22%2c+1)%0d%0a++++wait(0.7)%0d%0a++++nitroCaption(1)%0d%0aend+function%0d%0adialogue.steps.push(setupSequence)%0d%0a%0d%0asetupSequence+%3d+new+SequenceStep%0d%0asetupSequence.commandWaiting+%3d+getCommandWaiting(%22nitrocaption%22%2c+%22%22%2c+%5b+%221%22+%5d)%0d%0asetupSequence.action+%3d+function()%0d%0a++++nitroApp(%22BusinessDekkar%22%2c+%22Third%2c+the+login+button+is+in+a+different+location+and+slightly+off+in+color.%22%2c+%22_%22%2c+1)%0d%0a++++wait(0.7)%0d%0a++++nitroCaption(1)%0d%0aend+function%0d%0adialogue.steps.push(setupSequence)%0d%0a%0d%0asetupSequence+%3d+new+SequenceStep%0d%0asetupSequence.commandWaiting+%3d+getCommandWaiting(%22nitrocaption%22%2c+%22%22%2c+%5b+%221%22+%5d)%0d%0asetupSequence.action+%3d+function()%0d%0a++++nitroApp(%22BusinessDekkar%22%2c+%22And+finally%2c+the+login+page+on+the+left+does+not+have+the+option+to+make+an+account+as+seen+on+the+bottom+of+the+right+hand+side.%22%2c+%22_%22%2c+1)%0d%0a++++wait(0.7)%0d%0a++++nitroCaption(1)%0d%0aend+function%0d%0adialogue.steps.push(setupSequence)%0d%0a%0d%0awhile+true%0d%0a++isDialoguePerformed+%3d+dialogue.isPerformed()%0d%0a%0d%0a++if+isDialoguePerformed+%3d%3d+1+then%0d%0a++++break%0d%0a++end+if%0d%0a++%0d%0a++wait(0.1)%0d%0aend+while%0d%0a%0d%0avishingDialogue+%3d+new+Sequence%0d%0avishingDialogue.steps+%3d+%5b%5d%0d%0a%0d%0asetupSequence+%3d+new+SequenceStep%0d%0asetupSequence.commandWaiting+%3d+getCommandWaiting(%22nitrocaption%22%2c+%22%22%2c+%5b+%221%22+%5d)%0d%0asetupSequence.action+%3d+function()%0d%0a++++nitroApp(%22BusinessDekkar%22%2c+%22Next+we+have+Watering+hole+attacks.%22%2c+%22_%22%2c+1)%0d%0a++++wait(0.7)%0d%0a++++nitroCaption(1)%0d%0a++++wait(1)%0d%0a++++browser(%22https%3a%2f%2fsocial%2fWaterHole-Key%22)%0d%0aend+function%0d%0avishingDialogue.steps.push(setupSequence)%0d%0a%0d%0asetupSequence+%3d+new+SequenceStep%0d%0asetupSequence.commandWaiting+%3d+getCommandWaiting(%22nitrocaption%22%2c+%22%22%2c+%5b+%221%22+%5d)%0d%0asetupSequence.action+%3d+function()%0d%0a++++nitroApp(%22BusinessDekkar%22%2c+%22Many+times+threat+actors+have+a+tough+time+getting+into+an+organization%e2%80%99s+network.%22%2c+%22_%22%2c+1)%0d%0a++++wait(0.7)%0d%0a++++nitroCaption(1)%0d%0aend+function%0d%0avishingDialogue.steps.push(setupSequence)%0d%0a%0d%0asetupSequence+%3d+new+SequenceStep%0d%0asetupSequence.commandWaiting+%3d+getCommandWaiting(%22nitrocaption%22%2c+%22%22%2c+%5b+%221%22+%5d)%0d%0asetupSequence.action+%3d+function()%0d%0a++++nitroApp(%22BusinessDekkar%22%2c+%22So+the+threat+actors+target+a+website+in+which+the+members+of+the+organization+might+use.%22%2c+%22_%22%2c+1)%0d%0a++++wait(0.7)%0d%0a++++nitroCaption(1)%0d%0aend+function%0d%0avishingDialogue.steps.push(setupSequence)%0d%0a%0d%0asetupSequence+%3d+new+SequenceStep%0d%0asetupSequence.commandWaiting+%3d+getCommandWaiting(%22nitrocaption%22%2c+%22%22%2c+%5b+%221%22+%5d)%0d%0asetupSequence.action+%3d+function()%0d%0a++++nitroApp(%22BusinessRascal%22%2c+%22This+takes+a+lot+of+research.+But+for+an+example%2c+perhaps+threat+actors+determines+that+employees+order+from+a+certain+local+eatery.%22%2c+%22_%22%2c+1)%0d%0a++++wait(0.7)%0d%0a++++nitroCaption(1)%0d%0aend+function%0d%0avishingDialogue.steps.push(setupSequence)%0d%0a%0d%0asetupSequence+%3d+new+SequenceStep%0d%0asetupSequence.commandWaiting+%3d+getCommandWaiting(%22nitrocaption%22%2c+%22%22%2c+%5b+%221%22+%5d)%0d%0asetupSequence.action+%3d+function()%0d%0a++++nitroApp(%22BusinessRascal%22%2c+%22So+they+infect+the+unsuspecting+site+with+malware+in+hopes+of+infecting+a+workstation+of+the+organization%2c+which+is+their+real+target.%22%2c+%22_%22%2c+1)%0d%0a++++wait(0.7)%0d%0a++++nitroCaption(1)%0d%0aend+function%0d%0avishingDialogue.steps.push(setupSequence)%0d%0a%0d%0asetupSequence+%3d+new+SequenceStep%0d%0asetupSequence.commandWaiting+%3d+getCommandWaiting(%22nitrocaption%22%2c+%22%22%2c+%5b+%221%22+%5d)%0d%0asetupSequence.action+%3d+function()%0d%0a++++nitroApp(%22BusinessDekkar%22%2c+%22Sometimes+this+attack+is+targeted%2c+looking+for+specific+IPs%2c+but+often+they+do+not+care+who+they+infect.%22%2c+%22_%22%2c+1)%0d%0a++++wait(0.7)%0d%0a++++nitroCaption(1)%0d%0aend+function%0d%0avishingDialogue.steps.push(setupSequence)%0d%0a%0d%0asetupSequence+%3d+new+SequenceStep%0d%0asetupSequence.commandWaiting+%3d+getCommandWaiting(%22nitrocaption%22%2c+%22%22%2c+%5b+%221%22+%5d)%0d%0asetupSequence.action+%3d+function()%0d%0a++++nitroApp(%22BusinessRascal%22%2c+%22Most+common+prevention+is+a+defense+in+depth+strategy.%22%2c+%22_%22%2c+1)%0d%0a++++wait(0.7)%0d%0a++++nitroCaption(1)%0d%0a++++wait(1)%0d%0a++++browser(%22https%3a%2f%2fsocial%2fWaterHole-Prevention%22)%0d%0aend+function%0d%0avishingDialogue.steps.push(setupSequence)%0d%0a%0d%0asetupSequence+%3d+new+SequenceStep%0d%0asetupSequence.commandWaiting+%3d+getCommandWaiting(%22nitrocaption%22%2c+%22%22%2c+%5b+%221%22+%5d)%0d%0asetupSequence.action+%3d+function()%0d%0a++++nitroApp(%22BusinessRascal%22%2c+%22Regularly+update+and+patch+software.%22%2c+%22_%22%2c+1)%0d%0a++++wait(0.7)%0d%0a++++nitroCaption(1)%0d%0aend+function%0d%0avishingDialogue.steps.push(setupSequence)%0d%0a%0d%0asetupSequence+%3d+new+SequenceStep%0d%0asetupSequence.commandWaiting+%3d+getCommandWaiting(%22nitrocaption%22%2c+%22%22%2c+%5b+%221%22+%5d)%0d%0asetupSequence.action+%3d+function()%0d%0a++++nitroApp(%22BusinessRascal%22%2c+%22Anti-virus%2fAnti-malware+may+detect+the+malware+signatures+if+it%e2%80%99s+already+been+discovered.%22%2c+%22_%22%2c+1)%0d%0a++++wait(0.7)%0d%0a++++nitroCaption(1)%0d%0aend+function%0d%0avishingDialogue.steps.push(setupSequence)%0d%0a%0d%0asetupSequence+%3d+new+SequenceStep%0d%0asetupSequence.commandWaiting+%3d+getCommandWaiting(%22nitrocaption%22%2c+%22%22%2c+%5b+%221%22+%5d)%0d%0asetupSequence.action+%3d+function()%0d%0a++++nitroApp(%22BusinessRascal%22%2c+%22Firewalls+and+an+Intrusion+Prevention+System+(IPS)+can+work+together+to+stop+bad+network+traffic.%22%2c+%22_%22%2c+1)%0d%0a++++wait(0.7)%0d%0a++++nitroCaption(1)%0d%0aend+function%0d%0avishingDialogue.steps.push(setupSequence)%0d%0a%0d%0awhile+true%0d%0a++isVishingDialoguePerformed+%3d+vishingDialogue.isPerformed()%0d%0a%0d%0a++if+isVishingDialoguePerformed+%3d%3d+1+then%0d%0a++++break%0d%0a++end+if%0d%0a++%0d%0a++wait(0.1)%0d%0aend+while%0d%0a%0d%0aotherDialogue+%3d+new+Sequence%0d%0aotherDialogue.steps+%3d+%5b%5d%0d%0a%0d%0asetupSequence+%3d+new+SequenceStep%0d%0asetupSequence.commandWaiting+%3d+getCommandWaiting(%22nitrocaption%22%2c+%22%22%2c+%5b+%221%22+%5d)%0d%0asetupSequence.action+%3d+function()%0d%0a++++nitroApp(%22BusinessDekkar%22%2c+%22There+are+a+few+more+Social+Engineering+Attacks+to+be+aware+of.%22%2c+%22_%22%2c+1)%0d%0a++++wait(0.7)%0d%0a++++nitroCaption(1)%0d%0a++++wait(1)%0d%0a++++browser(%22https%3a%2f%2fsocial%2fOtherAttacks%22)%0d%0aend+function%0d%0aotherDialogue.steps.push(setupSequence)%0d%0a%0d%0asetupSequence+%3d+new+SequenceStep%0d%0asetupSequence.commandWaiting+%3d+getCommandWaiting(%22nitrocaption%22%2c+%22%22%2c+%5b+%221%22+%5d)%0d%0asetupSequence.action+%3d+function()%0d%0a++++nitroApp(%22BusinessDekkar%22%2c+%22First+there+are+threat+actors%2c+usually+Nation+State+actors%2c+who+disseminate+factually+incorrect+information.%22%2c+%22_%22%2c+1)%0d%0a++++wait(0.7)%0d%0a++++nitroCaption(1)%0d%0aend+function%0d%0aotherDialogue.steps.push(setupSequence)%0d%0a%0d%0asetupSequence+%3d+new+SequenceStep%0d%0asetupSequence.commandWaiting+%3d+getCommandWaiting(%22nitrocaption%22%2c+%22%22%2c+%5b+%221%22+%5d)%0d%0asetupSequence.action+%3d+function()%0d%0a++++nitroApp(%22BusinessDekkar%22%2c+%22The+steps+are+too+simple.%22%2c+%22_%22%2c+1)%0d%0a++++wait(0.7)%0d%0a++++nitroCaption(1)%0d%0a++++wait(1)%0d%0a++++browser(%22https%3a%2f%2fsocial%2fIncorrectInfo-Steps%22)%0d%0aend+function%0d%0aotherDialogue.steps.push(setupSequence)%0d%0a%0d%0asetupSequence+%3d+new+SequenceStep%0d%0asetupSequence.commandWaiting+%3d+getCommandWaiting(%22nitrocaption%22%2c+%22%22%2c+%5b+%221%22+%5d)%0d%0asetupSequence.action+%3d+function()%0d%0a++++nitroApp(%22BusinessRascal%22%2c+%22First%2c+they+create+several+multiple+fake+users.%22%2c+%22_%22%2c+1)%0d%0a++++wait(0.7)%0d%0a++++nitroCaption(1)%0d%0aend+function%0d%0aotherDialogue.steps.push(setupSequence)%0d%0a%0d%0asetupSequence+%3d+new+SequenceStep%0d%0asetupSequence.commandWaiting+%3d+getCommandWaiting(%22nitrocaption%22%2c+%22%22%2c+%5b+%221%22+%5d)%0d%0asetupSequence.action+%3d+function()%0d%0a++++nitroApp(%22BusinessRascal%22%2c+%22Second%2c+they+create+the+factually+incorrect+content.%22%2c+%22_%22%2c+1)%0d%0a++++wait(0.7)%0d%0a++++nitroCaption(1)%0d%0aend+function%0d%0aotherDialogue.steps.push(setupSequence)%0d%0a%0d%0asetupSequence+%3d+new+SequenceStep%0d%0asetupSequence.commandWaiting+%3d+getCommandWaiting(%22nitrocaption%22%2c+%22%22%2c+%5b+%221%22+%5d)%0d%0asetupSequence.action+%3d+function()%0d%0a++++nitroApp(%22BusinessRascal%22%2c+%22Third%2c+they+post+the+content+on+social+media.%22%2c+%22_%22%2c+1)%0d%0a++++wait(0.7)%0d%0a++++nitroCaption(1)%0d%0aend+function%0d%0aotherDialogue.steps.push(setupSequence)%0d%0a%0d%0asetupSequence+%3d+new+SequenceStep%0d%0asetupSequence.commandWaiting+%3d+getCommandWaiting(%22nitrocaption%22%2c+%22%22%2c+%5b+%221%22+%5d)%0d%0asetupSequence.action+%3d+function()%0d%0a++++nitroApp(%22BusinessRascal%22%2c+%22Fourth%2c+they+amplify+the+message+by+liking+and+sharing+using+the+other+fake+users.%22%2c+%22_%22%2c+1)%0d%0a++++wait(0.7)%0d%0a++++nitroCaption(1)%0d%0aend+function%0d%0aotherDialogue.steps.push(setupSequence)%0d%0a%0d%0asetupSequence+%3d+new+SequenceStep%0d%0asetupSequence.commandWaiting+%3d+getCommandWaiting(%22nitrocaption%22%2c+%22%22%2c+%5b+%221%22+%5d)%0d%0asetupSequence.action+%3d+function()%0d%0a++++nitroApp(%22BusinessRascal%22%2c+%22Then+real+users+start+seeing+and+sharing+the+factually+incorrect+content.%22%2c+%22_%22%2c+1)%0d%0a++++wait(0.7)%0d%0a++++nitroCaption(1)%0d%0aend+function%0d%0aotherDialogue.steps.push(setupSequence)%0d%0a%0d%0asetupSequence+%3d+new+SequenceStep%0d%0asetupSequence.commandWaiting+%3d+getCommandWaiting(%22nitrocaption%22%2c+%22%22%2c+%5b+%221%22+%5d)%0d%0asetupSequence.action+%3d+function()%0d%0a++++nitroApp(%22BusinessRascal%22%2c+%22Finally%2c+there+is+always+the+possibility+that+mass+media+will+pick+up+the+story.%22%2c+%22_%22%2c+1)%0d%0a++++wait(0.7)%0d%0a++++nitroCaption(1)%0d%0aend+function%0d%0aotherDialogue.steps.push(setupSequence)%0d%0a%0d%0asetupSequence+%3d+new+SequenceStep%0d%0asetupSequence.commandWaiting+%3d+getCommandWaiting(%22nitrocaption%22%2c+%22%22%2c+%5b+%221%22+%5d)%0d%0asetupSequence.action+%3d+function()%0d%0a++++nitroApp(%22BusinessDekkar%22%2c+%22And+to+wrap+up+this+discussion%2c+we%e2%80%99ll+take+about+Brand+Impersonation.%22%2c+%22_%22%2c+1)%0d%0a++++wait(0.7)%0d%0a++++nitroCaption(1)%0d%0a++++wait(1)%0d%0a++++browser(%22https%3a%2f%2fsocial%2fBrandImperson%22)%0d%0aend+function%0d%0aotherDialogue.steps.push(setupSequence)%0d%0a%0d%0asetupSequence+%3d+new+SequenceStep%0d%0asetupSequence.commandWaiting+%3d+getCommandWaiting(%22nitrocaption%22%2c+%22%22%2c+%5b+%221%22+%5d)%0d%0asetupSequence.action+%3d+function()%0d%0a++++nitroApp(%22BusinessDekkar%22%2c+%22It%e2%80%99s+pretty+straight+forward%2c+threat+actors+create+thousand+of+impersonated+sites.%22%2c+%22_%22%2c+1)%0d%0a++++wait(0.7)%0d%0a++++nitroCaption(1)%0d%0aend+function%0d%0aotherDialogue.steps.push(setupSequence)%0d%0a%0d%0asetupSequence+%3d+new+SequenceStep%0d%0asetupSequence.commandWaiting+%3d+getCommandWaiting(%22nitrocaption%22%2c+%22%22%2c+%5b+%221%22+%5d)%0d%0asetupSequence.action+%3d+function()%0d%0a++++nitroApp(%22BusinessRascal%22%2c+%22With+so+many+sites%2c+search+engines+will+inevitably+index+these+sites.%22%2c+%22_%22%2c+1)%0d%0a++++wait(0.7)%0d%0a++++nitroCaption(1)%0d%0aend+function%0d%0aotherDialogue.steps.push(setupSequence)%0d%0a%0d%0asetupSequence+%3d+new+SequenceStep%0d%0asetupSequence.commandWaiting+%3d+getCommandWaiting(%22nitrocaption%22%2c+%22%22%2c+%5b+%221%22+%5d)%0d%0asetupSequence.action+%3d+function()%0d%0a++++nitroApp(%22BusinessDekkar%22%2c+%22When+visitors+go+to+one+of+these+sites%2c+they+are+welcomed+with+a+popup+exclaiming+%e2%80%9cyou+won%e2%80%9d+or+click+here+for+this+unbelievable+special+offer%21%22%2c+%22_%22%2c+1)%0d%0a++++wait(0.7)%0d%0a++++nitroCaption(1)%0d%0aend+function%0d%0aotherDialogue.steps.push(setupSequence)%0d%0a%0d%0asetupSequence+%3d+new+SequenceStep%0d%0asetupSequence.commandWaiting+%3d+getCommandWaiting(%22nitrocaption%22%2c+%22%22%2c+%5b+%221%22+%5d)%0d%0asetupSequence.action+%3d+function()%0d%0a++++nitroApp(%22BusinessRascal%22%2c+%22Clicking+on+that+popup+will+more+than+likely+download+malware%21%22%2c+%22_%22%2c+1)%0d%0a++++wait(0.7)%0d%0a++++nitroCaption(1)%0d%0aend+function%0d%0aotherDialogue.steps.push(setupSequence)%0d%0a%0d%0awhile+true%0d%0a++isOtherDialoguePerformed+%3d+otherDialogue.isPerformed()%0d%0a%0d%0a++if+isOtherDialoguePerformed+%3d%3d+1+then%0d%0a++++break%0d%0a++end+if%0d%0a++%0d%0a++wait(0.1)%0d%0aend+while%0d%0a%0d%0aquizDialogue+%3d+new+Sequence%0d%0aquizDialogue.steps+%3d+%5b%5d%0d%0a%0d%0asetupSequence+%3d+new+SequenceStep%0d%0asetupSequence.commandWaiting+%3d+getCommandWaiting(%22nitrocaption%22%2c+%22%22%2c+%5b+%221%22+%5d)%0d%0asetupSequence.action+%3d+function()%0d%0a++++nitroApp(%22BusinessDekkar%22%2c+%22Now+it%e2%80%99s+time+for+a+few+questions+to+solidify+the+concepts+we+talked+about+today.%22%2c+%22_%22%2c+1)%0d%0a++++wait(0.7)%0d%0a++++nitroCaption(0)%0d%0a++++%2f%2fwait(1)%0d%0a++++browser(%22https%3a%2f%2fsocial%2fQ1%22)%0d%0aend+function%0d%0aquizDialogue.steps.push(setupSequence)%0d%0a%0d%0asetupSequence+%3d+new+SequenceStep%0d%0asetupSequence.commandWaiting+%3d+getCommandWaiting(%22browser_Q1_answer%22%2c+%22%22%2c+%221%22)%0d%0asetupSequence.action+%3d+function()%0d%0a++++%2f%2fwait(1)%0d%0a++++browser(%22https%3a%2f%2fsocial%2fQ2%22)%0d%0aend+function%0d%0aquizDialogue.steps.push(setupSequence)%0d%0a%0d%0asetupSequence+%3d+new+SequenceStep%0d%0asetupSequence.commandWaiting+%3d+getCommandWaiting(%22browser_Q2_answer%22%2c+%22%22%2c+%221%22)%0d%0asetupSequence.action+%3d+function()%0d%0a++++%2f%2fwait(1)%0d%0a++++browser(%22https%3a%2f%2fsocial%2fQ3%22)%0d%0aend+function%0d%0aquizDialogue.steps.push(setupSequence)%0d%0a%0d%0asetupSequence+%3d+new+SequenceStep%0d%0asetupSequence.commandWaiting+%3d+getCommandWaiting(%22browser_Q3_answer%22%2c+%22%22%2c+%221%22)%0d%0asetupSequence.action+%3d+function()%0d%0a++++nitroApp(%22BusinessDekkar%22%2c+%22%7bPlayerName%7d%2c+Thank+you+for+joining+RASCAL+and+I+as+we+discussed+types+of+Social+Engineering.%22%2c+%22_%22%2c+1)%0d%0a++++wait(0.7)%0d%0a++++nitroCaption(1)%0d%0a++++%2f%2fwait(1)%0d%0a++++browser(%22https%3a%2f%2fsocial%2findex.html%22)%0d%0aend+function%0d%0aquizDialogue.steps.push(setupSequence)%0d%0a%0d%0asetupSequence+%3d+new+SequenceStep%0d%0asetupSequence.commandWaiting+%3d+getCommandWaiting(%22nitrocaption%22%2c+%22%22%2c+%5b+%221%22+%5d)%0d%0asetupSequence.action+%3d+function()%0d%0a++++nitroApp(%22BusinessDekkar%22%2c+%22It%e2%80%99s+important+to+know+about+these+techniques%2c+so+as+to+not+only+protect+ourselves%2c+but+help+put+in+systems+and+processes+to+protect+our+co-workers%2c+friends+and+family.%22%2c+%22_%22%2c+1)%0d%0a++++wait(0.7)%0d%0a++++nitroCaption(1)%0d%0aend+function%0d%0aquizDialogue.steps.push(setupSequence)%0d%0a%0d%0awhile+true%0d%0a++isQuizDialoguePerformed+%3d+quizDialogue.isPerformed()%0d%0a%0d%0a++if+isQuizDialoguePerformed+%3d%3d+1+then%0d%0a++++break%0d%0a++end+if%0d%0a++%0d%0a++wait(0.1)%0d%0aend+while","LocalizationEntries":[],"EncryptedStorySteps":"","PublishedMissionId":0,"LastChangeDate":0.0}